0,1,2,3
0.0,3.0,997.0,0.0
0.6512177415093866,4.0,996.0,0.0
0.7987106597697754,3.0,996.0,1.0
1.2844727167862342,2.0,996.0,2.0
2.5309036141925443,3.0,995.0,2.0
3.5921031651500064,4.0,994.0,2.0
4.2824958925887975,5.0,993.0,2.0
4.7791756126285705,6.0,992.0,2.0
5.0184551328170395,5.0,992.0,3.0
5.9838383813471285,6.0,991.0,3.0
6.558569370883033,7.0,990.0,3.0
6.737067269375418,8.0,989.0,3.0
6.815861620193752,9.0,988.0,3.0
7.403141827562628,10.0,987.0,3.0
7.682124023509485,11.0,986.0,3.0
7.775757423943703,12.0,985.0,3.0
7.814954447375489,13.0,984.0,3.0
8.088142592977924,14.0,983.0,3.0
8.425503034174953,15.0,982.0,3.0
8.44850387674824,14.0,982.0,4.0
8.472089254786969,13.0,982.0,5.0
8.517817402773156,12.0,982.0,6.0
8.598221827674806,13.0,981.0,6.0
8.680233637634817,12.0,981.0,7.0
9.563572399980922,13.0,980.0,7.0
9.580164005956915,12.0,980.0,8.0
9.696385822662071,11.0,980.0,9.0
9.714699857843756,10.0,980.0,10.0
9.802349422557366,9.0,980.0,11.0
9.838253194586649,10.0,979.0,11.0
10.032378741645934,11.0,978.0,11.0
10.04151760816538,10.0,978.0,12.0
10.085325034466951,9.0,978.0,13.0
10.185837011099933,10.0,977.0,13.0
10.238565835366042,11.0,976.0,13.0
10.426180720872637,10.0,976.0,14.0
10.518481609919299,9.0,976.0,15.0
10.58161227209886,10.0,975.0,15.0
10.648125192060022,11.0,974.0,15.0
10.780958846742209,10.0,974.0,16.0
10.849935487211603,11.0,973.0,16.0
11.175718214426386,12.0,972.0,16.0
11.198573963668949,13.0,971.0,16.0
11.298648608277773,12.0,971.0,17.0
11.337277077979108,13.0,970.0,17.0
11.386930174224867,12.0,970.0,18.0
11.498879715116962,13.0,969.0,18.0
11.544438495893623,14.0,968.0,18.0
11.60266075525148,13.0,968.0,19.0
11.809021522441908,14.0,967.0,19.0
11.840933720320516,13.0,967.0,20.0
11.86885678881801,12.0,967.0,21.0
12.00307248285119,13.0,966.0,21.0
12.016878682538014,14.0,965.0,21.0
12.205432263885026,15.0,964.0,21.0
12.430535257232387,16.0,963.0,21.0
12.542283802505121,17.0,962.0,21.0
12.614795408082296,18.0,961.0,21.0
12.645511797338102,19.0,960.0,21.0
12.730601308442921,20.0,959.0,21.0
12.730645547255538,21.0,958.0,21.0
12.741793649598147,22.0,957.0,21.0
12.807865233830523,21.0,957.0,22.0
12.89985436450498,22.0,956.0,22.0
13.16108300563393,21.0,956.0,23.0
13.206877812523011,20.0,956.0,24.0
13.225217792273387,21.0,955.0,24.0
13.343843061146709,20.0,955.0,25.0
13.550172903765358,21.0,954.0,25.0
13.587412131046646,22.0,953.0,25.0
14.025061223716282,23.0,952.0,25.0
14.2203550348082,24.0,951.0,25.0
14.232798847386032,25.0,950.0,25.0
14.246357935041464,26.0,949.0,25.0
14.44406809509508,27.0,948.0,25.0
14.559036731153716,28.0,947.0,25.0
14.560217026570477,29.0,946.0,25.0
14.566144552891444,30.0,945.0,25.0
14.729288944517286,29.0,945.0,26.0
14.873366741606686,30.0,944.0,26.0
15.004082005094125,31.0,943.0,26.0
15.046017703028275,32.0,942.0,26.0
15.062328662975505,31.0,942.0,27.0
15.102445968338326,30.0,942.0,28.0
15.129038162500642,31.0,941.0,28.0
15.142313954442612,30.0,941.0,29.0
15.176233314961829,31.0,940.0,29.0
15.195914805331677,32.0,939.0,29.0
15.332055491167413,33.0,938.0,29.0
15.48796577632615,34.0,937.0,29.0
15.600138414656492,35.0,936.0,29.0
15.672555227477826,34.0,936.0,30.0
15.723090694143654,35.0,935.0,30.0
15.72712334782607,36.0,934.0,30.0
15.727425333193626,35.0,934.0,31.0
15.763188051412428,34.0,934.0,32.0
15.787731915224182,33.0,934.0,33.0
15.801145091693785,34.0,933.0,33.0
15.804199512231913,35.0,932.0,33.0
15.8587547197221,34.0,932.0,34.0
15.860112109788375,35.0,931.0,34.0
15.937261481154623,36.0,930.0,34.0
16.026444902663354,37.0,929.0,34.0
16.095242775005207,38.0,928.0,34.0
16.150996211284795,37.0,928.0,35.0
16.175180200037282,38.0,927.0,35.0
16.184292558013013,39.0,926.0,35.0
16.2888253935038,40.0,925.0,35.0
16.418928087942135,39.0,925.0,36.0
16.475407663253314,38.0,925.0,37.0
16.558740225969135,37.0,925.0,38.0
16.666389388703138,38.0,924.0,38.0
16.68159727935017,39.0,923.0,38.0
16.75431717244913,40.0,922.0,38.0
16.764532206753152,41.0,921.0,38.0
16.83680575668772,42.0,920.0,38.0
16.846529727827065,43.0,919.0,38.0
16.93236365103376,42.0,919.0,39.0
16.955754431158294,43.0,918.0,39.0
17.02979986507214,44.0,917.0,39.0
17.04897151466055,43.0,917.0,40.0
17.06978041041903,42.0,917.0,41.0
17.133130718897807,41.0,917.0,42.0
17.259100109124706,42.0,916.0,42.0
17.279539072336405,43.0,915.0,42.0
17.3032510342126,44.0,914.0,42.0
17.349971021092944,43.0,914.0,43.0
17.38811159717632,42.0,914.0,44.0
17.411691242827683,41.0,914.0,45.0
17.427973220419503,40.0,914.0,46.0
17.512271189539167,39.0,914.0,47.0
17.53471333817928,40.0,913.0,47.0
17.549600435183148,39.0,913.0,48.0
17.553185375499048,40.0,912.0,48.0
17.623687665654842,41.0,911.0,48.0
17.86009350360997,40.0,911.0,49.0
17.992305306224115,39.0,911.0,50.0
17.99950615948886,38.0,911.0,51.0
18.003820171447252,37.0,911.0,52.0
18.16104668422679,38.0,910.0,52.0
18.198465252977503,39.0,909.0,52.0
18.244603953036133,38.0,909.0,53.0
18.262394177739278,39.0,908.0,53.0
18.323678839502946,38.0,908.0,54.0
18.397061149875334,39.0,907.0,54.0
18.41353424642168,38.0,907.0,55.0
18.462789372846807,37.0,907.0,56.0
18.544065769609745,38.0,906.0,56.0
18.69581943026211,39.0,905.0,56.0
18.707108283411664,40.0,904.0,56.0
18.76545208678406,41.0,903.0,56.0
18.780281433599427,40.0,903.0,57.0
18.794672868223714,41.0,902.0,57.0
18.863938061957622,42.0,901.0,57.0
18.86495386292619,41.0,901.0,58.0
18.91340947533367,42.0,900.0,58.0
18.932076735954517,43.0,899.0,58.0
18.9430739777803,44.0,898.0,58.0
18.95749838058928,45.0,897.0,58.0
19.068271772810025,44.0,897.0,59.0
19.07558981088367,45.0,896.0,59.0
19.143699572554013,46.0,895.0,59.0
19.313187072617296,45.0,895.0,60.0
19.317354712773643,46.0,894.0,60.0
19.382866518626088,45.0,894.0,61.0
19.39434641857301,46.0,893.0,61.0
19.41828147236526,45.0,893.0,62.0
19.45744516977588,44.0,893.0,63.0
19.520261742434784,43.0,893.0,64.0
19.543396400073565,42.0,893.0,65.0
19.607222359583215,43.0,892.0,65.0
19.77359649914824,44.0,891.0,65.0
19.776042482150785,45.0,890.0,65.0
19.878354084994555,44.0,890.0,66.0
19.99377791884455,45.0,889.0,66.0
20.015014775887014,44.0,889.0,67.0
20.088585736205026,43.0,889.0,68.0
20.128846447010186,42.0,889.0,69.0
20.166280244541323,41.0,889.0,70.0
20.256172274452172,42.0,888.0,70.0
20.29691502982651,43.0,887.0,70.0
20.38883185483849,44.0,886.0,70.0
20.431943082159258,45.0,885.0,70.0
20.48738359980067,44.0,885.0,71.0
20.499598652637022,45.0,884.0,71.0
20.522687980049632,46.0,883.0,71.0
20.585899936398462,47.0,882.0,71.0
20.59996930190705,46.0,882.0,72.0
20.646897016676142,45.0,882.0,73.0
20.691432003325666,46.0,881.0,73.0
20.71192037458345,47.0,880.0,73.0
20.780205139100207,48.0,879.0,73.0
20.82298229068741,49.0,878.0,73.0
20.83475580464805,50.0,877.0,73.0
20.888359691758005,51.0,876.0,73.0
20.894178267939875,50.0,876.0,74.0
20.898320325532577,51.0,875.0,74.0
20.919865765804644,52.0,874.0,74.0
20.95153109116318,51.0,874.0,75.0
21.01707946966173,50.0,874.0,76.0
21.032415045343686,51.0,873.0,76.0
21.052026849418823,52.0,872.0,76.0
21.084850903896253,53.0,871.0,76.0
21.126223545490628,52.0,871.0,77.0
21.129768523365385,51.0,871.0,78.0
21.23637420382952,50.0,871.0,79.0
21.376237158191774,49.0,871.0,80.0
21.474327452397272,50.0,870.0,80.0
21.480295050338448,51.0,869.0,80.0
21.482745858815786,52.0,868.0,80.0
21.568724518503373,53.0,867.0,80.0
21.5897560180077,54.0,866.0,80.0
21.70054770421779,53.0,866.0,81.0
21.714232914504098,54.0,865.0,81.0
21.76291486240434,55.0,864.0,81.0
21.770885311335448,56.0,863.0,81.0
21.84035381621809,57.0,862.0,81.0
21.87806959409374,56.0,862.0,82.0
21.891766343943576,55.0,862.0,83.0
22.009749922601223,56.0,861.0,83.0
22.06325655011538,55.0,861.0,84.0
22.09368417839787,56.0,860.0,84.0
22.09888247543673,55.0,860.0,85.0
22.107505980494434,56.0,859.0,85.0
22.208679865881503,57.0,858.0,85.0
22.21547401387735,58.0,857.0,85.0
22.221455797480207,57.0,857.0,86.0
22.221866642028402,58.0,856.0,86.0
22.242613211178472,59.0,855.0,86.0
22.25173981562082,58.0,855.0,87.0
22.34184832679002,57.0,855.0,88.0
22.446081220444288,56.0,855.0,89.0
22.536566252714117,57.0,854.0,89.0
22.568614197758563,56.0,854.0,90.0
22.58050680788956,55.0,854.0,91.0
22.739923665910105,56.0,853.0,91.0
22.761279929364985,57.0,852.0,91.0
22.771003208673655,58.0,851.0,91.0
22.991472154450584,57.0,851.0,92.0
23.030784340409294,56.0,851.0,93.0
23.174829731436244,55.0,851.0,94.0
23.18611803359145,56.0,850.0,94.0
23.206386343597458,57.0,849.0,94.0
23.237758893054774,58.0,848.0,94.0
23.327752489077685,57.0,848.0,95.0
23.390305572274325,56.0,848.0,96.0
23.404034181058762,55.0,848.0,97.0
23.407614226309263,56.0,847.0,97.0
23.437815337364864,57.0,846.0,97.0
23.460436029056524,56.0,846.0,98.0
23.476237703388556,55.0,846.0,99.0
23.536839250042444,56.0,845.0,99.0
23.570663685826162,55.0,845.0,100.0
23.582297084510092,54.0,845.0,101.0
23.635227356692262,53.0,845.0,102.0
23.92150169466548,52.0,845.0,103.0
23.958702158606815,53.0,844.0,103.0
23.982464286474713,52.0,844.0,104.0
24.062588723977967,53.0,843.0,104.0
24.065051522733423,54.0,842.0,104.0
24.080124313052625,53.0,842.0,105.0
24.094270782914062,54.0,841.0,105.0
24.194064921311014,53.0,841.0,106.0
24.236851868684727,54.0,840.0,106.0
24.264863361606416,55.0,839.0,106.0
24.301704047910892,54.0,839.0,107.0
24.480782007283814,55.0,838.0,107.0
24.490779287632375,56.0,837.0,107.0
24.624398114799355,57.0,836.0,107.0
24.645345336085523,58.0,835.0,107.0
24.677739054512042,59.0,834.0,107.0
24.707574663908257,60.0,833.0,107.0
24.784130357265617,59.0,833.0,108.0
24.790751685832625,60.0,832.0,108.0
24.883202526109983,61.0,831.0,108.0
24.924558134013154,60.0,831.0,109.0
24.939804939323633,61.0,830.0,109.0
24.98351057657255,62.0,829.0,109.0
25.035228433896364,61.0,829.0,110.0
25.04833530556825,62.0,828.0,110.0
25.06776644352529,61.0,828.0,111.0
25.079869344973172,62.0,827.0,111.0
25.086081514633715,63.0,826.0,111.0
25.096502632421593,64.0,825.0,111.0
25.130635238189768,65.0,824.0,111.0
25.152334344368057,66.0,823.0,111.0
25.21613586295029,65.0,823.0,112.0
25.26843714007102,66.0,822.0,112.0
25.2707922144027,67.0,821.0,112.0
25.31618965819363,68.0,820.0,112.0
25.316683365093418,69.0,819.0,112.0
25.369121573001912,70.0,818.0,112.0
25.373280777362876,69.0,818.0,113.0
25.392811111686807,68.0,818.0,114.0
25.437098115718197,67.0,818.0,115.0
25.48924543186632,68.0,817.0,115.0
25.538261928651426,67.0,817.0,116.0
25.546713143019872,66.0,817.0,117.0
25.556289781868678,65.0,817.0,118.0
25.57656439902898,64.0,817.0,119.0
25.61337881138677,65.0,816.0,119.0
25.615861566513605,66.0,815.0,119.0
25.62784766014159,65.0,815.0,120.0
25.661298291086617,66.0,814.0,120.0
25.688572150382974,67.0,813.0,120.0
25.71578462584361,68.0,812.0,120.0
25.717459803970918,67.0,812.0,121.0
25.75702449813773,68.0,811.0,121.0
25.80736520275546,67.0,811.0,122.0
25.84214582351655,66.0,811.0,123.0
25.892669640811338,67.0,810.0,123.0
25.893215251027485,68.0,809.0,123.0
25.893458841703566,69.0,808.0,123.0
25.93861834192332,68.0,808.0,124.0
25.973349849898643,69.0,807.0,124.0
25.988082655146034,70.0,806.0,124.0
26.005745550455583,69.0,806.0,125.0
26.0467443280596,70.0,805.0,125.0
26.07928471379818,69.0,805.0,126.0
26.085308526058693,70.0,804.0,126.0
26.087199818376906,71.0,803.0,126.0
26.1413144548828,72.0,802.0,126.0
26.142753571962917,71.0,802.0,127.0
26.171263731195914,70.0,802.0,128.0
26.184967662186676,71.0,801.0,128.0
26.1874402188511,72.0,800.0,128.0
26.279427353436642,73.0,799.0,128.0
26.287481425077896,72.0,799.0,129.0
26.331232511967123,71.0,799.0,130.0
26.36833454951712,72.0,798.0,130.0
26.390504958667584,71.0,798.0,131.0
26.39712344369031,72.0,797.0,131.0
26.400136054023786,73.0,796.0,131.0
26.420227831647008,74.0,795.0,131.0
26.524974247659895,75.0,794.0,131.0
26.527751267093425,76.0,793.0,131.0
26.594287288065658,75.0,793.0,132.0
26.61949112472178,76.0,792.0,132.0
26.687987250957857,75.0,792.0,133.0
26.76590339061925,76.0,791.0,133.0
26.814720713129773,77.0,790.0,133.0
26.818119259450196,78.0,789.0,133.0
26.827187438497344,79.0,788.0,133.0
26.841140559955075,80.0,787.0,133.0
26.92539827549325,79.0,787.0,134.0
26.962769181826953,80.0,786.0,134.0
26.975492506278965,81.0,785.0,134.0
27.034257589064556,82.0,784.0,134.0
27.06229260553806,81.0,784.0,135.0
27.136782713447875,82.0,783.0,135.0
27.181818342079072,83.0,782.0,135.0
27.18697898592177,82.0,782.0,136.0
27.257780608084495,81.0,782.0,137.0
27.282369714709038,82.0,781.0,137.0
27.326384062904218,81.0,781.0,138.0
27.333528194643858,82.0,780.0,138.0
27.34182269388248,83.0,779.0,138.0
27.37891870812785,84.0,778.0,138.0
27.40260638728034,85.0,777.0,138.0
27.419183573700096,86.0,776.0,138.0
27.57186388837131,85.0,776.0,139.0
27.61009797637738,84.0,776.0,140.0
27.75792288398401,83.0,776.0,141.0
27.76769961802703,82.0,776.0,142.0
27.778075946929604,83.0,775.0,142.0
27.799487762906935,84.0,774.0,142.0
27.80537308995611,85.0,773.0,142.0
27.814707469205807,86.0,772.0,142.0
27.832328152714602,87.0,771.0,142.0
27.845130895490108,86.0,771.0,143.0
27.861674338178155,87.0,770.0,143.0
27.885413321859712,86.0,770.0,144.0
27.944081845474834,87.0,769.0,144.0
27.94419580786338,88.0,768.0,144.0
27.95173987659304,87.0,768.0,145.0
27.959676016363872,88.0,767.0,145.0
27.988721253936276,89.0,766.0,145.0
27.992640989408507,90.0,765.0,145.0
28.00079813740761,91.0,764.0,145.0
28.00799144156956,92.0,763.0,145.0
28.01031090839457,93.0,762.0,145.0
28.01236105546327,94.0,761.0,145.0
28.017567479683045,95.0,760.0,145.0
28.045554030619204,96.0,759.0,145.0
28.052060321451908,95.0,759.0,146.0
28.05235415014994,94.0,759.0,147.0
28.05762671026384,95.0,758.0,147.0
28.081968539050123,94.0,758.0,148.0
28.110884011538626,93.0,758.0,149.0
28.116668714136164,92.0,758.0,150.0
28.177721534665523,93.0,757.0,150.0
28.21438374160305,92.0,757.0,151.0
28.230772554558964,91.0,757.0,152.0
28.25613033286613,92.0,756.0,152.0
28.285914460129412,93.0,755.0,152.0
28.305906868699626,92.0,755.0,153.0
28.308810114314984,93.0,754.0,153.0
28.317272211280088,92.0,754.0,154.0
28.31919607246511,91.0,754.0,155.0
28.343078398361502,90.0,754.0,156.0
28.377902716058735,91.0,753.0,156.0
28.397529071741257,92.0,752.0,156.0
28.422783458152963,91.0,752.0,157.0
28.42445403755987,90.0,752.0,158.0
28.44593620815077,91.0,751.0,158.0
28.47382636266901,92.0,750.0,158.0
28.519865528032085,93.0,749.0,158.0
28.54493052638354,92.0,749.0,159.0
28.549944700792608,91.0,749.0,160.0
28.565876921165582,92.0,748.0,160.0
28.603323641154518,91.0,748.0,161.0
28.603329324566023,92.0,747.0,161.0
28.618402330104715,93.0,746.0,161.0
28.635964697376174,92.0,746.0,162.0
28.646223658540787,93.0,745.0,162.0
28.64635139635621,92.0,745.0,163.0
28.656229902852765,91.0,745.0,164.0
28.665511463635934,92.0,744.0,164.0
28.68083392338206,91.0,744.0,165.0
28.695409221476595,92.0,743.0,165.0
28.731258544689396,91.0,743.0,166.0
28.75910684158953,92.0,742.0,166.0
28.793706831121526,91.0,742.0,167.0
28.795479829191713,92.0,741.0,167.0
28.81492320818274,91.0,741.0,168.0
28.824105948427928,90.0,741.0,169.0
28.826075417956986,89.0,741.0,170.0
28.970502843100626,88.0,741.0,171.0
28.98164114808637,89.0,740.0,171.0
28.991983004454177,90.0,739.0,171.0
28.994987931716505,89.0,739.0,172.0
28.995180672577185,88.0,739.0,173.0
29.009471703185906,89.0,738.0,173.0
29.014543114696433,88.0,738.0,174.0
29.040916421629305,89.0,737.0,174.0
29.052216013446305,90.0,736.0,174.0
29.08384194441557,89.0,736.0,175.0
29.124559958605612,90.0,735.0,175.0
29.136005805363887,89.0,735.0,176.0
29.15474348933592,88.0,735.0,177.0
29.173970079858172,89.0,734.0,177.0
29.198082450976226,88.0,734.0,178.0
29.200255276262705,89.0,733.0,178.0
29.221871976617464,88.0,733.0,179.0
29.261450624784196,89.0,732.0,179.0
29.300983561160805,88.0,732.0,180.0
29.318049723200662,87.0,732.0,181.0
29.324826845584035,86.0,732.0,182.0
29.39403398203616,87.0,731.0,182.0
29.435654369401178,88.0,730.0,182.0
29.44400355400691,89.0,729.0,182.0
29.469215436217326,88.0,729.0,183.0
29.473274495650156,87.0,729.0,184.0
29.502530381753534,86.0,729.0,185.0
29.51692855191419,87.0,728.0,185.0
29.533522682732976,88.0,727.0,185.0
29.544031555023963,87.0,727.0,186.0
29.550517346779134,88.0,726.0,186.0
29.550895817531092,87.0,726.0,187.0
29.599600786878963,86.0,726.0,188.0
29.648967995078443,85.0,726.0,189.0
29.6547685228127,84.0,726.0,190.0
29.721494638278685,85.0,725.0,190.0
29.734952208130913,86.0,724.0,190.0
29.78694754091555,87.0,723.0,190.0
29.80201466168421,88.0,722.0,190.0
29.850976032177353,87.0,722.0,191.0
29.920746850966175,88.0,721.0,191.0
29.925508955603153,89.0,720.0,191.0
29.9314674073202,88.0,720.0,192.0
29.94968359806856,87.0,720.0,193.0
29.997299056749938,86.0,720.0,194.0
30.0076527253013,87.0,719.0,194.0
30.013861886336432,88.0,718.0,194.0
30.04695608390029,89.0,717.0,194.0
30.05710659605516,88.0,717.0,195.0
30.075524134497346,87.0,717.0,196.0
30.11670041114306,86.0,717.0,197.0
30.145798436055514,85.0,717.0,198.0
30.156563380494134,86.0,716.0,198.0
30.159858431927805,85.0,716.0,199.0
30.194412143754132,86.0,715.0,199.0
30.220385855609813,87.0,714.0,199.0
30.267101037568807,86.0,714.0,200.0
30.308294303096027,87.0,713.0,200.0
30.308873017600828,88.0,712.0,200.0
30.3317900102487,89.0,711.0,200.0
30.3397200543194,88.0,711.0,201.0
30.493786445501105,87.0,711.0,202.0
30.49799273551529,86.0,711.0,203.0
30.60465349874037,85.0,711.0,204.0
30.624278533092813,86.0,710.0,204.0
30.7237732013953,85.0,710.0,205.0
30.74902151066064,84.0,710.0,206.0
30.74927084639815,85.0,709.0,206.0
30.754945056234536,84.0,709.0,207.0
30.796676560043508,83.0,709.0,208.0
30.83104139265485,82.0,709.0,209.0
30.834418723130643,81.0,709.0,210.0
30.834969139138703,80.0,709.0,211.0
30.849484937106446,81.0,708.0,211.0
30.88868346622618,82.0,707.0,211.0
30.891569671298,81.0,707.0,212.0
30.89887980676018,82.0,706.0,212.0
30.90741471081776,81.0,706.0,213.0
30.911086556266334,82.0,705.0,213.0
30.928156612750495,81.0,705.0,214.0
30.968392853779605,80.0,705.0,215.0
30.97924036606999,79.0,705.0,216.0
30.987337994913702,78.0,705.0,217.0
31.077638884127246,77.0,705.0,218.0
31.11651011400069,78.0,704.0,218.0
31.171450024219645,79.0,703.0,218.0
31.20249744704134,80.0,702.0,218.0
31.213842405049164,79.0,702.0,219.0
31.220074235591458,78.0,702.0,220.0
31.224909587362554,77.0,702.0,221.0
31.255049926326397,76.0,702.0,222.0
31.374804659288756,75.0,702.0,223.0
31.416175284849828,76.0,701.0,223.0
31.423782510747717,75.0,701.0,224.0
31.459957138401425,76.0,700.0,224.0
31.463533883071943,75.0,700.0,225.0
31.49858783599241,74.0,700.0,226.0
31.503417789211092,75.0,699.0,226.0
31.507147147529036,76.0,698.0,226.0
31.51110504862476,75.0,698.0,227.0
31.513431772562292,76.0,697.0,227.0
31.52115695753329,75.0,697.0,228.0
31.533374451686175,74.0,697.0,229.0
31.577125959513605,75.0,696.0,229.0
31.615147232160723,74.0,696.0,230.0
31.619617079283028,75.0,695.0,230.0
31.62799229233277,76.0,694.0,230.0
31.690886614741796,75.0,694.0,231.0
31.740989859616658,76.0,693.0,231.0
31.74129015854544,77.0,692.0,231.0
31.742398264217144,76.0,692.0,232.0
31.759618721633014,77.0,691.0,232.0
31.808363291393135,78.0,690.0,232.0
31.83273331841165,77.0,690.0,233.0
31.84587323203792,76.0,690.0,234.0
31.8505163138476,77.0,689.0,234.0
31.867976960287873,78.0,688.0,234.0
31.91506533562298,77.0,688.0,235.0
31.94368625914581,76.0,688.0,236.0
31.982362271473477,77.0,687.0,236.0
31.983555499112178,76.0,687.0,237.0
31.99495752333567,75.0,687.0,238.0
32.00340749578007,74.0,687.0,239.0
32.00429335185563,73.0,687.0,240.0
32.00681671057559,72.0,687.0,241.0
32.013233257222595,73.0,686.0,241.0
32.033082126663615,72.0,686.0,242.0
32.04713950050305,71.0,686.0,243.0
32.047871480765274,70.0,686.0,244.0
32.1200369562835,69.0,686.0,245.0
32.13868508668377,68.0,686.0,246.0
32.148205654769505,69.0,685.0,246.0
32.16883891158002,68.0,685.0,247.0
32.24361214628022,67.0,685.0,248.0
32.271502484689414,66.0,685.0,249.0
32.28980352681017,65.0,685.0,250.0
32.29346551926426,64.0,685.0,251.0
32.34254155526306,63.0,685.0,252.0
32.4802581876074,62.0,685.0,253.0
32.481017220169846,61.0,685.0,254.0
32.49773893246061,62.0,684.0,254.0
32.56167894303735,63.0,683.0,254.0
32.56209241957354,62.0,683.0,255.0
32.57759418161724,61.0,683.0,256.0
32.7100746213518,62.0,682.0,256.0
32.74765126223958,63.0,681.0,256.0
32.76379777683697,64.0,680.0,256.0
32.78125436110176,65.0,679.0,256.0
32.87030989205836,66.0,678.0,256.0
32.89961935941397,67.0,677.0,256.0
32.995247485950664,68.0,676.0,256.0
33.0162313724708,69.0,675.0,256.0
33.02048087186154,70.0,674.0,256.0
33.032557516692954,69.0,674.0,257.0
33.05839429731842,70.0,673.0,257.0
33.0696586394754,69.0,673.0,258.0
33.13842947720443,70.0,672.0,258.0
33.186755866850575,71.0,671.0,258.0
33.24788234874836,72.0,670.0,258.0
33.30731921882677,73.0,669.0,258.0
33.327391337515266,74.0,668.0,258.0
33.32759085313033,73.0,668.0,259.0
33.35667387879479,72.0,668.0,260.0
33.366187891201875,73.0,667.0,260.0
33.36751671764819,74.0,666.0,260.0
33.37496538611831,75.0,665.0,260.0
33.39355832079223,74.0,665.0,261.0
33.43633877904676,75.0,664.0,261.0
33.524152721108216,76.0,663.0,261.0
33.529195688219104,75.0,663.0,262.0
33.63626645367927,76.0,662.0,262.0
33.74026640071856,77.0,661.0,262.0
33.74768961523117,76.0,661.0,263.0
33.76207396858233,77.0,660.0,263.0
33.76962110146142,78.0,659.0,263.0
33.79995675302672,79.0,658.0,263.0
33.88696531259292,80.0,657.0,263.0
33.908204579172576,79.0,657.0,264.0
33.908745143651466,78.0,657.0,265.0
33.93218565026039,79.0,656.0,265.0
33.94369579776148,80.0,655.0,265.0
34.039049160064984,79.0,655.0,266.0
34.09530315373989,80.0,654.0,266.0
34.116444506010716,81.0,653.0,266.0
34.11669376676178,80.0,653.0,267.0
34.14438337098888,79.0,653.0,268.0
34.15274995835444,80.0,652.0,268.0
34.16281099367428,79.0,652.0,269.0
34.177059231267386,80.0,651.0,269.0
34.187420448592654,81.0,650.0,269.0
34.21049282204153,80.0,650.0,270.0
34.230604246418935,79.0,650.0,271.0
34.34283022204049,78.0,650.0,272.0
34.34945016541308,77.0,650.0,273.0
34.36876608406059,76.0,650.0,274.0
34.52518418640839,75.0,650.0,275.0
34.527323302227096,76.0,649.0,275.0
34.552022260896855,77.0,648.0,275.0
34.58874296750154,78.0,647.0,275.0
34.65136932144531,79.0,646.0,275.0
34.771979342173175,78.0,646.0,276.0
34.85555521682744,79.0,645.0,276.0
34.911852159638855,78.0,645.0,277.0
34.947241512000346,79.0,644.0,277.0
34.96749645210901,78.0,644.0,278.0
34.99990047590304,79.0,643.0,278.0
35.02378243269325,80.0,642.0,278.0
35.03454628586812,79.0,642.0,279.0
35.14634706963299,80.0,641.0,279.0
35.14800194873408,79.0,641.0,280.0
35.156894664257834,78.0,641.0,281.0
35.17625308564427,77.0,641.0,282.0
35.20713863538364,78.0,640.0,282.0
35.266048946706434,79.0,639.0,282.0
35.28091204731882,78.0,639.0,283.0
35.35991425891663,77.0,639.0,284.0
35.38527727918138,78.0,638.0,284.0
35.4328989298959,77.0,638.0,285.0
35.526009541323816,78.0,637.0,285.0
35.603771286303164,77.0,637.0,286.0
35.63833548983871,76.0,637.0,287.0
35.662550400798324,77.0,636.0,287.0
35.74092469942252,76.0,636.0,288.0
35.77065149769295,75.0,636.0,289.0
35.771702993326926,76.0,635.0,289.0
35.794433901536685,77.0,634.0,289.0
35.821054719501284,76.0,634.0,290.0
35.866819433307306,75.0,634.0,291.0
36.007900006447436,76.0,633.0,291.0
36.0521988419477,75.0,633.0,292.0
36.07346557487552,76.0,632.0,292.0
36.07424458882766,77.0,631.0,292.0
36.15740341956845,78.0,630.0,292.0
36.16384873763564,77.0,630.0,293.0
36.1802843144968,78.0,629.0,293.0
36.1874824270276,77.0,629.0,294.0
36.218384518998384,78.0,628.0,294.0
36.23466397324233,79.0,627.0,294.0
36.236249031097884,80.0,626.0,294.0
36.242437371904515,79.0,626.0,295.0
36.28360781823333,80.0,625.0,295.0
36.326999167915545,79.0,625.0,296.0
36.35474374570174,80.0,624.0,296.0
36.43552205150527,79.0,624.0,297.0
36.45376550668545,80.0,623.0,297.0
36.4930532031986,79.0,623.0,298.0
36.49458439293512,78.0,623.0,299.0
36.530537447530136,77.0,623.0,300.0
36.605450176556964,76.0,623.0,301.0
36.63586363168002,75.0,623.0,302.0
36.67402324387232,74.0,623.0,303.0
36.694593204183256,75.0,622.0,303.0
36.74218147504044,74.0,622.0,304.0
36.76965956697891,75.0,621.0,304.0
36.804392644408246,74.0,621.0,305.0
36.80949149667156,75.0,620.0,305.0
36.814241405923724,76.0,619.0,305.0
36.832113366399646,75.0,619.0,306.0
36.84236699986112,76.0,618.0,306.0
36.933807337745556,75.0,618.0,307.0
36.99484608941199,74.0,618.0,308.0
37.01343281958813,75.0,617.0,308.0
37.04666164209677,74.0,617.0,309.0
37.076482793560295,73.0,617.0,310.0
37.101044665387626,74.0,616.0,310.0
37.1351922537637,75.0,615.0,310.0
37.22828207782716,74.0,615.0,311.0
37.405354196457964,75.0,614.0,311.0
37.43857808872628,76.0,613.0,311.0
37.517897804214115,77.0,612.0,311.0
37.535947808340964,76.0,612.0,312.0
37.5606683124765,75.0,612.0,313.0
37.58692054877799,74.0,612.0,314.0
37.59995466114174,75.0,611.0,314.0
37.601636065457704,74.0,611.0,315.0
37.66376887433409,75.0,610.0,315.0
37.66897966045217,76.0,609.0,315.0
37.74790694177352,77.0,608.0,315.0
37.81129259254149,78.0,607.0,315.0
37.8492190814646,77.0,607.0,316.0
37.8540823908078,78.0,606.0,316.0
37.880485596453546,77.0,606.0,317.0
37.92013766368025,78.0,605.0,317.0
37.93780453732945,77.0,605.0,318.0
37.95066677231841,78.0,604.0,318.0
37.95102860095072,79.0,603.0,318.0
37.963165720315246,80.0,602.0,318.0
38.12982487672442,81.0,601.0,318.0
38.15291542213738,80.0,601.0,319.0
38.171485448671966,79.0,601.0,320.0
38.2206387334819,78.0,601.0,321.0
38.32563394286395,79.0,600.0,321.0
38.34207581007092,78.0,600.0,322.0
38.34625546179616,77.0,600.0,323.0
38.36275725637963,76.0,600.0,324.0
38.370593533329235,77.0,599.0,324.0
38.37603568283149,78.0,598.0,324.0
38.41418335070709,77.0,598.0,325.0
38.42555880697773,78.0,597.0,325.0
38.444243179111155,77.0,597.0,326.0
38.447769537914745,76.0,597.0,327.0
38.457317454387905,75.0,597.0,328.0
38.461714178612084,74.0,597.0,329.0
38.483410160949624,73.0,597.0,330.0
38.52743503811567,72.0,597.0,331.0
38.54688541009315,73.0,596.0,331.0
38.573460966729485,74.0,595.0,331.0
38.641143853260246,73.0,595.0,332.0
38.67360674531228,74.0,594.0,332.0
38.68808962296589,75.0,593.0,332.0
38.73188485225678,74.0,593.0,333.0
38.81255478872807,75.0,592.0,333.0
38.87521057182675,76.0,591.0,333.0
38.90623691921459,75.0,591.0,334.0
38.935995871203545,76.0,590.0,334.0
38.96923950211805,75.0,590.0,335.0
39.004279350745804,76.0,589.0,335.0
39.0246917273752,77.0,588.0,335.0
39.07689848050226,78.0,587.0,335.0
39.113548135518585,79.0,586.0,335.0
39.17096504109218,78.0,586.0,336.0
39.21204083745045,77.0,586.0,337.0
39.239898968858505,76.0,586.0,338.0
39.25488410897539,75.0,586.0,339.0
39.26738795844748,76.0,585.0,339.0
39.2776681198215,77.0,584.0,339.0
39.279637662466115,76.0,584.0,340.0
39.329744723851256,75.0,584.0,341.0
39.34222509237191,74.0,584.0,342.0
39.41273531825154,75.0,583.0,342.0
39.41749129576908,76.0,582.0,342.0
39.513636039739396,77.0,581.0,342.0
39.542303653241085,76.0,581.0,343.0
39.626591165618976,75.0,581.0,344.0
39.70159411150926,74.0,581.0,345.0
39.75527331170086,75.0,580.0,345.0
39.76447277434539,74.0,580.0,346.0
39.795720422724976,75.0,579.0,346.0
39.81175511462407,74.0,579.0,347.0
39.823663804103724,75.0,578.0,347.0
39.96041636858464,74.0,578.0,348.0
39.96205073161876,73.0,578.0,349.0
40.03002865899855,72.0,578.0,350.0
40.04760216363004,73.0,577.0,350.0
40.07678252353816,74.0,576.0,350.0
40.13039852163974,73.0,576.0,351.0
40.13719166974974,74.0,575.0,351.0
40.16854603380952,75.0,574.0,351.0
40.25958104127415,76.0,573.0,351.0
40.32378927945171,77.0,572.0,351.0
40.325314707600825,78.0,571.0,351.0
40.32831634605186,77.0,571.0,352.0
40.400541453040304,76.0,571.0,353.0
40.40527785259284,77.0,570.0,353.0
40.421567543950424,78.0,569.0,353.0
40.427871402891974,79.0,568.0,353.0
40.45047026607249,80.0,567.0,353.0
40.52348883994674,79.0,567.0,354.0
40.533666905791115,78.0,567.0,355.0
40.54538229569851,77.0,567.0,356.0
40.59904085125158,78.0,566.0,356.0
40.61362234947183,79.0,565.0,356.0
40.66620284796349,80.0,564.0,356.0
40.7105479384481,81.0,563.0,356.0
40.772933309767154,80.0,563.0,357.0
40.93605935195889,79.0,563.0,358.0
40.967516467255976,80.0,562.0,358.0
40.987438344449146,81.0,561.0,358.0
41.07185467284628,82.0,560.0,358.0
41.07369695943591,81.0,560.0,359.0
41.08972766194081,80.0,560.0,360.0
41.092544554622485,81.0,559.0,360.0
41.12521544839434,80.0,559.0,361.0
41.16313535506902,79.0,559.0,362.0
41.16885529919322,78.0,559.0,363.0
41.229975252086945,79.0,558.0,363.0
41.24845244909776,78.0,558.0,364.0
41.258390512365324,79.0,557.0,364.0
41.36329325380085,78.0,557.0,365.0
41.37822543264611,77.0,557.0,366.0
41.39578367825455,76.0,557.0,367.0
41.48377680006246,75.0,557.0,368.0
41.53361007892701,76.0,556.0,368.0
41.56450207038971,77.0,555.0,368.0
41.56927558597824,76.0,555.0,369.0
41.62601969598499,75.0,555.0,370.0
41.635889242220884,74.0,555.0,371.0
41.6410137969043,73.0,555.0,372.0
41.67627780746883,74.0,554.0,372.0
41.679020680091924,75.0,553.0,372.0
41.68243366757481,74.0,553.0,373.0
41.72271696374162,75.0,552.0,373.0
41.75427188090353,74.0,552.0,374.0
41.776376866204046,73.0,552.0,375.0
41.77910618101127,74.0,551.0,375.0
41.836529061390294,75.0,550.0,375.0
41.84607866102781,76.0,549.0,375.0
41.885921243166344,75.0,549.0,376.0
41.992209560422395,74.0,549.0,377.0
42.00707449140214,73.0,549.0,378.0
42.01499938909791,72.0,549.0,379.0
42.019904624465724,71.0,549.0,380.0
42.03337745908411,70.0,549.0,381.0
42.07824832047123,69.0,549.0,382.0
42.09692069009651,70.0,548.0,382.0
42.11983085589756,69.0,548.0,383.0
42.158315645212014,68.0,548.0,384.0
42.1661453215639,67.0,548.0,385.0
42.24005856216213,68.0,547.0,385.0
42.3411726681329,69.0,546.0,385.0
42.4538442722593,68.0,546.0,386.0
42.47757982705358,69.0,545.0,386.0
42.51827077763785,70.0,544.0,386.0
42.635451413956936,71.0,543.0,386.0
42.646468504289174,70.0,543.0,387.0
42.69186000524945,71.0,542.0,387.0
42.69720695778004,70.0,542.0,388.0
42.721324247383684,71.0,541.0,388.0
42.733233376583556,72.0,540.0,388.0
42.761967369015316,73.0,539.0,388.0
42.76462101745689,74.0,538.0,388.0
42.77264704335428,75.0,537.0,388.0
42.783916096985095,76.0,536.0,388.0
42.794726483834445,75.0,536.0,389.0
42.8582791205608,76.0,535.0,389.0
42.90935630889194,75.0,535.0,390.0
42.916292991875835,76.0,534.0,390.0
42.95776759359666,77.0,533.0,390.0
43.10107288106403,76.0,533.0,391.0
43.29009277251823,77.0,532.0,391.0
43.29155141638574,78.0,531.0,391.0
43.30978370937505,77.0,531.0,392.0
43.33159541691535,76.0,531.0,393.0
43.37309645496624,75.0,531.0,394.0
43.379462454616295,76.0,530.0,394.0
43.393061455398616,75.0,530.0,395.0
43.428213371134596,74.0,530.0,396.0
43.4779203601797,75.0,529.0,396.0
43.54248913982543,74.0,529.0,397.0
43.5443806828522,73.0,529.0,398.0
43.56337514997764,74.0,528.0,398.0
43.57400375744648,73.0,528.0,399.0
43.59684392008667,72.0,528.0,400.0
43.614019099368775,71.0,528.0,401.0
43.79232435358566,72.0,527.0,401.0
43.847087053018875,71.0,527.0,402.0
43.878136789662385,72.0,526.0,402.0
43.953864374412866,73.0,525.0,402.0
44.02379780565025,72.0,525.0,403.0
44.077554953305665,71.0,525.0,404.0
44.094226423200695,72.0,524.0,404.0
44.107284522984294,71.0,524.0,405.0
44.187171207400226,72.0,523.0,405.0
44.29813322095073,71.0,523.0,406.0
44.332963204562375,70.0,523.0,407.0
44.395992395440125,71.0,522.0,407.0
44.410386317402775,72.0,521.0,407.0
44.41221229592037,71.0,521.0,408.0
44.49113852815901,72.0,520.0,408.0
44.49190295620427,73.0,519.0,408.0
44.50569396133825,72.0,519.0,409.0
44.563906734472404,73.0,518.0,409.0
44.61203593338413,72.0,518.0,410.0
44.65204191835467,73.0,517.0,410.0
44.67267641528807,74.0,516.0,410.0
44.69108069033295,73.0,516.0,411.0
44.74934748742604,72.0,516.0,412.0
44.82953697857584,71.0,516.0,413.0
44.855899448785095,70.0,516.0,414.0
44.866068198860745,69.0,516.0,415.0
44.8828596169823,68.0,516.0,416.0
44.902220920349464,67.0,516.0,417.0
44.96627816445296,68.0,515.0,417.0
45.01593986660839,67.0,515.0,418.0
45.21162286060702,68.0,514.0,418.0
45.23685448444857,67.0,514.0,419.0
45.247535020108145,68.0,513.0,419.0
45.35134423911354,69.0,512.0,419.0
45.41218244816152,68.0,512.0,420.0
45.41698345393255,67.0,512.0,421.0
45.435085226009406,68.0,511.0,421.0
45.456186807451935,67.0,511.0,422.0
45.463946933140015,66.0,511.0,423.0
45.482603438868,65.0,511.0,424.0
45.51306692091077,64.0,511.0,425.0
45.59204176189016,63.0,511.0,426.0
45.64405108615011,62.0,511.0,427.0
45.69692920046851,61.0,511.0,428.0
45.72822573211508,60.0,511.0,429.0
45.77051679087998,59.0,511.0,430.0
45.876165832638726,58.0,511.0,431.0
45.87709111997626,57.0,511.0,432.0
45.88487889625239,56.0,511.0,433.0
46.031773273140324,57.0,510.0,433.0
46.302020949540754,56.0,510.0,434.0
46.31324589060184,57.0,509.0,434.0
46.38891583752412,56.0,509.0,435.0
46.42961316906144,57.0,508.0,435.0
46.439426951677554,58.0,507.0,435.0
46.45485800622173,57.0,507.0,436.0
46.50943845015362,58.0,506.0,436.0
46.51866338102693,57.0,506.0,437.0
46.522895129344235,56.0,506.0,438.0
46.617601179632835,57.0,505.0,438.0
46.64760824605969,58.0,504.0,438.0
46.69268619736727,59.0,503.0,438.0
46.699570411481176,58.0,503.0,439.0
46.773888387883,57.0,503.0,440.0
46.86923900155371,56.0,503.0,441.0
46.91514269778792,55.0,503.0,442.0
47.06231661348427,54.0,503.0,443.0
47.106024377150824,53.0,503.0,444.0
47.165420874268435,54.0,502.0,444.0
47.258601822626986,55.0,501.0,444.0
47.320430069963244,54.0,501.0,445.0
47.3511502408698,55.0,500.0,445.0
47.4044372833811,54.0,500.0,446.0
47.41397745118899,55.0,499.0,446.0
47.42936789511009,54.0,499.0,447.0
47.42988164297336,53.0,499.0,448.0
47.486289806309,52.0,499.0,449.0
47.493658208475196,51.0,499.0,450.0
47.5073446295703,50.0,499.0,451.0
47.52629630769426,49.0,499.0,452.0
47.7153640474109,48.0,499.0,453.0
47.72609672064099,47.0,499.0,454.0
47.73697765951922,46.0,499.0,455.0
47.74851786474957,45.0,499.0,456.0
47.80508062101292,44.0,499.0,457.0
47.87698800296917,43.0,499.0,458.0
47.91226503449076,42.0,499.0,459.0
47.924242708722424,41.0,499.0,460.0
47.95437466371325,40.0,499.0,461.0
47.987611680192636,39.0,499.0,462.0
48.06743352235898,40.0,498.0,462.0
48.12276272587605,39.0,498.0,463.0
48.148087476962395,38.0,498.0,464.0
48.524808286714595,37.0,498.0,465.0
48.68988945329921,36.0,498.0,466.0
48.71339659137801,35.0,498.0,467.0
48.720787247486136,36.0,497.0,467.0
48.95778432107074,35.0,497.0,468.0
49.250363947289294,36.0,496.0,468.0
49.326275851622334,35.0,496.0,469.0
49.35651228896381,34.0,496.0,470.0
49.70563778729125,35.0,495.0,470.0
49.82402906697449,34.0,495.0,471.0
49.87702253244247,33.0,495.0,472.0
49.8871445018714,32.0,495.0,473.0
49.99632958509599,31.0,495.0,474.0
50.239536094361966,30.0,495.0,475.0
50.280921592056735,29.0,495.0,476.0
50.341563976378055,28.0,495.0,477.0
50.46214485646545,29.0,494.0,477.0
50.7731995988353,28.0,494.0,478.0
50.902929955660106,29.0,493.0,478.0
50.938547098003404,28.0,493.0,479.0
50.975322792076604,29.0,492.0,479.0
51.016407774898624,30.0,491.0,479.0
51.11333301000957,31.0,490.0,479.0
51.21417788784575,30.0,490.0,480.0
51.30483470784938,29.0,490.0,481.0
51.38199908491902,30.0,489.0,481.0
51.43134530656525,29.0,489.0,482.0
51.445932322223456,28.0,489.0,483.0
51.53291012858068,27.0,489.0,484.0
51.53585478895793,26.0,489.0,485.0
51.64230370057188,25.0,489.0,486.0
51.81025826531171,26.0,488.0,486.0
51.865514937030035,25.0,488.0,487.0
52.07949513430423,26.0,487.0,487.0
52.09310019387058,25.0,487.0,488.0
52.176246085619475,24.0,487.0,489.0
52.25833177281527,25.0,486.0,489.0
52.348950437268606,24.0,486.0,490.0
52.39350730107234,23.0,486.0,491.0
52.48770820570826,22.0,486.0,492.0
52.6811571100994,21.0,486.0,493.0
52.86236249207283,20.0,486.0,494.0
52.90202086555092,19.0,486.0,495.0
52.937060331005526,20.0,485.0,495.0
53.024853714589895,21.0,484.0,495.0
53.14188095215437,20.0,484.0,496.0
53.14390349916057,21.0,483.0,496.0
53.42340533018812,22.0,482.0,496.0
53.47406129187194,21.0,482.0,497.0
53.61985656978686,22.0,481.0,497.0
53.6419554298485,21.0,481.0,498.0
53.79502756239039,22.0,480.0,498.0
53.86220742865251,21.0,480.0,499.0
53.92895253512201,22.0,479.0,499.0
54.01163811690551,21.0,479.0,500.0
54.1641983103572,20.0,479.0,501.0
54.34644602107639,19.0,479.0,502.0
54.36866498053097,20.0,478.0,502.0
54.59184973445942,21.0,477.0,502.0
55.05976528944089,20.0,477.0,503.0
55.133238179619156,19.0,477.0,504.0
55.53596810451312,18.0,477.0,505.0
55.76425092446855,17.0,477.0,506.0
56.150519527074586,18.0,476.0,506.0
56.303340397012555,19.0,475.0,506.0
56.4544098345494,20.0,474.0,506.0
56.47871012024995,19.0,474.0,507.0
56.75697959323944,20.0,473.0,507.0
56.83518410965008,19.0,473.0,508.0
57.01501378704732,18.0,473.0,509.0
57.13959440893683,19.0,472.0,509.0
57.164430370640794,18.0,472.0,510.0
57.488496713683894,17.0,472.0,511.0
57.57933848865959,16.0,472.0,512.0
57.60688970574445,15.0,472.0,513.0
58.00513996261183,14.0,472.0,514.0
58.18332284403418,13.0,472.0,515.0
58.265360755486206,14.0,471.0,515.0
58.58608680067727,13.0,471.0,516.0
58.6493769058052,12.0,471.0,517.0
58.98364720645187,11.0,471.0,518.0
59.095497011654636,10.0,471.0,519.0
59.58714433147954,9.0,471.0,520.0
60.04227279522859,10.0,470.0,520.0
60.09564214257028,9.0,470.0,521.0
60.34779096037158,8.0,470.0,522.0
60.53614845733955,7.0,470.0,523.0
61.41997698142189,6.0,470.0,524.0
61.89565802485063,5.0,470.0,525.0
64.63339713801606,4.0,470.0,526.0
64.67072880968038,3.0,470.0,527.0
64.90534486166243,2.0,470.0,528.0
66.37318892268658,1.0,470.0,529.0
66.57643666189826,0.0,470.0,530.0
